<?xml version="1.0" encoding="UTF-8" standalone="yes"?>
<addon id="repository.vbabc" name="vbabc Repository" version="1.0.1" provider-name="vbabc">
    <extension point="xbmc.addon.repository" name="vbabc Repository">
        
        <dir minversion="19.0">
            <info compressed="false">https://tobalan.github.io/addons.xml</info>
            <checksum>https://tobalan.github.io/addons.xml.md5</checksum>
            <datadir zip="true">https://tobalan.github.io/Zips</datadir>
        </dir>
        <dir>
			<info compressed="false">https://raw.githubusercontent.com/Vikassm73/AjaykRepo/main/addons.xml</info>
			<checksum>https://raw.githubusercontent.com/Vikassm73/AjaykRepo/main/addons.xml.md5</checksum>
			<datadir zip="true">https://raw.githubusercontent.com/Vikassm73/AjaykRepo/main/Zips</datadir>
		</dir>
		<dir>
			<info compressed="false">https://raw.githubusercontent.com/Gujal00/smrzips/master/addons.xml</info>
			<checksum>https://raw.githubusercontent.com/Gujal00/smrzips/master/addons.xml.md5</checksum>
			<datadir zip="true">https://raw.githubusercontent.com/Gujal00/smrzips/master/zips/</datadir>
	    </dir>
        <dir>
            <info compressed="false">https://slyguy.uk/.repo/addons.xml</info>
            <checksum>https://slyguy.uk/.repo/addons.xml.md5</checksum>
            <datadir zip="true">https://slyguy.uk/.repo/</datadir>
        </dir>
        
    </extension>
    <extension point="xbmc.addon.metadata">
        <summary>vbabc Repository for Kodi</summary>
        <description>vbabc Repository for Kodi</description>
        <platform>all</platform>
        <assets>
            <icon>icon.png</icon>
            <fanart>fanart.jpg</fanart>
            <clearlogo>icon.png</clearlogo>
        </assets>
    </extension>
</addon>